{"cameraMode":{"drawMode":0,"name":"Shaded","section":"Shading Mode"},"sceneLighting":false,"audioPlay":false,"sceneViewState":{"m_AlwaysRefresh":false,"showFog":true,"showSkybox":true,"showFlares":true,"showImageEffects":true,"showParticleSystems":true,"showVisualEffectGraphs":true,"m_FxEnabled":true},"in2DMode":false,"pivot":{"x":-3.576216697692871,"y":-8.403518676757813,"z":1.5450153350830079},"rotation":{"x":-0.022718971595168115,"y":0.9730533957481384,"z":-0.20161688327789308,"w":-0.10963553190231323},"size":14.004440307617188,"orthographic":false}